event_name,date,artist_name,support_act,average_price,tickets_sold,tickets_available,revenue,genre,capacity,venue_name,venue_city,venue_state,venue_country
Peach Tree Tour,2004-11-04,Elton John,,,,,,"glam rock, mellow gold, piano rock, rock",,The Tabernacle,Atlanta,Georgia,United States
Peach Tree Tour,2004-11-05,Elton John,,,,,,"glam rock, mellow gold, piano rock, rock",,The Tabernacle,Atlanta,Georgia,United States
Peach Tree Tour,2004-12-07,Elton John,,,,,,"glam rock, mellow gold, piano rock, rock",,Metro Radio Arena,Newcastle,England,England
Peach Tree Tour,2004-12-09,Elton John,,,,,,"glam rock, mellow gold, piano rock, rock",,Hallam FM Arena,Sheffield,South Yorkshire,England
Peach Tree Tour,2004-12-13,Elton John,,,,,,"glam rock, mellow gold, piano rock, rock",,Hammersmith Apollo,London,England,England
Peach Tree Tour,2004-12-16,Elton John,,,,,,"glam rock, mellow gold, piano rock, rock",,Hammersmith Apollo,London,England,England
Peach Tree Tour,2004-12-17,Elton John,,,,,,"glam rock, mellow gold, piano rock, rock",,Hammersmith Apollo,London,England,England
Peach Tree Tour,2004-12-18,Elton John,,,,,,"glam rock, mellow gold, piano rock, rock",,Hammersmith Apollo,London,England,England
Peach Tree Tour,2005-03-18,Elton John,,,15979.0,15979.0,1170085.0,"glam rock, mellow gold, piano rock, rock",15979.0,Office Depot Center,Sunrise,Florida,United States
Peach Tree Tour,2005-03-19,Elton John,,,13702.0,13702.0,795050.0,"glam rock, mellow gold, piano rock, rock",13702.0,TD Waterhouse Centre,Orlando,Florida,United States
Peach Tree Tour,2005-03-23,Elton John,,,14027.0,19420.0,1060150.0,"glam rock, mellow gold, piano rock, rock",19420.0,Ford Center,Oklahoma City,Oklahoma,United States
Peach Tree Tour,2005-03-24,Elton John,,,17595.0,17595.0,1112330.0,"glam rock, mellow gold, piano rock, rock",17595.0,American Airlines Center,Dallas,Texas,United States
Peach Tree Tour,2005-03-26,Elton John,,,15926.0,15926.0,1060150.0,"glam rock, mellow gold, piano rock, rock",15926.0,Toyota Center,Houston,Texas,United States
Peach Tree Tour,2005-04-22,Elton John,,,,,,"glam rock, mellow gold, piano rock, rock",,Bradley Center,Milwaukee,Wisconsin,United States
Peach Tree Tour,2005-04-23,Elton John,,,15434.0,15434.0,1338300.0,"glam rock, mellow gold, piano rock, rock",15434.0,Allstate Arena,Rosemont,Illinois,United States
Peach Tree Tour,2005-04-24,Elton John,,,18278.0,18278.0,1367863.0,"glam rock, mellow gold, piano rock, rock",18278.0,The Palace of Auburn Hills,Auburn Hills,Michigan,United States
Peach Tree Tour,2005-04-28,Elton John,,,15516.0,15516.0,1002390.0,"glam rock, mellow gold, piano rock, rock",15516.0,Kemper Arena,Kansas City,Missouri,United States
Peach Tree Tour,2005-04-29,Elton John,,,14613.0,14613.0,1081125.0,"glam rock, mellow gold, piano rock, rock",14613.0,Target Center,Minneapolis,Minnesota,United States
Peach Tree Tour,2005-05-03,Elton John,,,14015.0,14015.0,1231627.0,"glam rock, mellow gold, piano rock, rock",14015.0,Pepsi Center,Denver,Colorado,United States
Peach Tree Tour,2005-05-05,Elton John,,,14824.0,14824.0,1243230.0,"glam rock, mellow gold, piano rock, rock",14824.0,Glendale Arena,Glendale,Arizona,United States
Peach Tree Tour,2005-05-06,Elton John,,,10485.0,10485.0,847424.0,"glam rock, mellow gold, piano rock, rock",10485.0,Cox Arena,San Diego,California,United States
Peach Tree Tour,2005-05-07,Elton John,,,13359.0,13359.0,1227560.0,"glam rock, mellow gold, piano rock, rock",13359.0,Arrowhead Pond,Anaheim,California,United States
Peach Tree Tour,2005-05-24,Elton John,,,,,,"glam rock, mellow gold, piano rock, rock",,Palais Omnisports de Paris-Bercy,Paris,Île-de-France,France
Peach Tree Tour,2005-05-26,Elton John,,,20764.0,20764.0,1902692.0,"glam rock, mellow gold, piano rock, rock",20764.0,Madejski Stadium,Reading,Berkshire,England
Peach Tree Tour,2005-05-28,Elton John,,,25925.0,25925.0,2432630.0,"glam rock, mellow gold, piano rock, rock",25925.0,St Mary's Stadium,Southampton,Hampshire,England
Peach Tree Tour,2005-05-29,Elton John,,,21903.0,21903.0,2047579.0,"glam rock, mellow gold, piano rock, rock",21903.0,Carrow Road,Norwich,Norfolk,England
Peach Tree Tour,2005-06-01,Elton John,,,,,,"glam rock, mellow gold, piano rock, rock",,Tyrsovo Nabrezie,Bratislava,Bratislava,Slovakia
Peach Tree Tour,2005-06-03,Elton John,,,,,,"glam rock, mellow gold, piano rock, rock",,Galpharm Stadium,Huddersfield,West Yorkshire,England
Peach Tree Tour,2005-06-04,Elton John,,,,,,"glam rock, mellow gold, piano rock, rock",,Britannia Stadium,Stoke-on-Trent,Staffordshire,England
Peach Tree Tour,2005-06-05,Elton John,,,,,,"glam rock, mellow gold, piano rock, rock",,Reebok Stadium,Bolton,Greater Manchester,England
Peach Tree Tour,2005-06-08,Elton John,,,,,,"glam rock, mellow gold, piano rock, rock",,Oslo Spektrum,Oslo,Oslo,Norway
Peach Tree Tour,2005-06-10,Elton John,,,,,,"glam rock, mellow gold, piano rock, rock",,National Ice Centre,Nottingham,England,England
Peach Tree Tour,2005-06-11,Elton John,,,,,,"glam rock, mellow gold, piano rock, rock",,Highfield Road,Coventry,West Midlands,England
Peach Tree Tour,2005-06-12,Elton John,,,,,,"glam rock, mellow gold, piano rock, rock",,Scottish Exhibition and Conference Centre,Glasgow,Scotland,Scotland
Peach Tree Tour,2005-06-14,Elton John,,,,,,"glam rock, mellow gold, piano rock, rock",,Cardiff International Arena,Cardiff,Wales,Wales
Peach Tree Tour,2005-06-15,Elton John,,,,,,"glam rock, mellow gold, piano rock, rock",,Cardiff International Arena,Cardiff,Wales,Wales
Peach Tree Tour,2005-06-16,Elton John,,,,,,"glam rock, mellow gold, piano rock, rock",,The Embankment,Peterborough,Ontario,England
Peach Tree Tour,2005-06-18,Elton John,,,23450.0,23450.0,2938980.0,"glam rock, mellow gold, piano rock, rock",23450.0,Vicarage Road,Watford,Hertfordshire,England
Peach Tree Tour,2005-06-19,Elton John,,,,,,"glam rock, mellow gold, piano rock, rock",,County Ground,Swindon,Wiltshire,England
Peach Tree Tour,2005-06-25,Elton John,,,,,,"glam rock, mellow gold, piano rock, rock",,Easter Road Stadium,Edinburgh,Scotland,Scotland
Peach Tree Tour,2005-06-26,Elton John,,,,,,"glam rock, mellow gold, piano rock, rock",,Rugby Park,Kilmarnock,East Ayrshire,Scotland
Peach Tree Tour,2005-06-29,Elton John,,,,,,"glam rock, mellow gold, piano rock, rock",,Mijas Costa Hipodrome,Marbella,Andalusia,Spain
Peach Tree Tour,2005-06-30,Elton John,,,,,,"glam rock, mellow gold, piano rock, rock",,Municipal Football Stadium,Guadalajara,Jalisco,Spain
Peach Tree Tour,2005-07-02,Elton John,,,27563.0,30000.0,2098608.0,"glam rock, mellow gold, piano rock, rock",30000.0,RDS Arena,Dublin,Leinster,Ireland
Peach Tree Tour,2005-07-07,Elton John,,,,,,"glam rock, mellow gold, piano rock, rock",,Museumsplatz,Bonn,North Rhine-Westphalia,Germany
Peach Tree Tour,2005-07-09,Elton John,,,,,,"glam rock, mellow gold, piano rock, rock",,Aarhus Stadion,Aarhus,Central Denmark Region,Germany
Peach Tree Tour,2005-07-10,Elton John,,,,,,"glam rock, mellow gold, piano rock, rock",,Schuco Arena,Bielefeld,North Rhine-Westphalia,Germany
Peach Tree Tour,2005-07-12,Elton John,,,,,,"glam rock, mellow gold, piano rock, rock",,Jazz Arena,Perugia,Umbria,Italy
Peach Tree Tour,2005-07-13,Elton John,,,,,,"glam rock, mellow gold, piano rock, rock",,Stadio Atleti Azzurri d'Italia,Bergamo,Lombardy,Italy
Peach Tree Tour,2005-09-01,Elton John,,,,,,"glam rock, mellow gold, piano rock, rock",,Stadio Atleti Azzurri d'Italia,Bergamo,Lombardy,Italy
Peach Tree Tour,2005-09-03,Elton John,,,,,,"glam rock, mellow gold, piano rock, rock",,Colosseum,Rome,Lazio,Italy
Peach Tree Tour,2005-09-06,Elton John,,,33935.0,33935.0,3061428.0,"glam rock, mellow gold, piano rock, rock",33935.0,Air Canada Centre,Toronto,Ontario,Canada
Peach Tree Tour,2005-09-07,Elton John,,,33935.0,33935.0,3061428.0,"glam rock, mellow gold, piano rock, rock",33935.0,Air Canada Centre,Toronto,Ontario,Canada
Peach Tree Tour,2005-09-09,Elton John,,,15616.0,15616.0,1442995.0,"glam rock, mellow gold, piano rock, rock",15616.0,Wachovia Center,Philadelphia,Pennsylvania,United States
Peach Tree Tour,2005-09-10,Elton John,,,16459.0,16459.0,1429790.0,"glam rock, mellow gold, piano rock, rock",16459.0,MCI Center,"Washington, D.C.",District of Columbia,United States
Peach Tree Tour,2005-09-16,Elton John,,,31164.0,31164.0,2648935.0,"glam rock, mellow gold, piano rock, rock",31164.0,TD Banknorth Garden,Boston,Massachusetts,United States
Peach Tree Tour,2005-09-17,Elton John,,,31164.0,31164.0,2648935.0,"glam rock, mellow gold, piano rock, rock",31164.0,TD Banknorth Garden,Boston,Massachusetts,United States
Peach Tree Tour,2005-09-21,Elton John,,,46708.0,46708.0,4123815.0,"glam rock, mellow gold, piano rock, rock",46708.0,Madison Square Garden,New York City,New York,United States
Peach Tree Tour,2005-09-23,Elton John,,,46708.0,46708.0,4123815.0,"glam rock, mellow gold, piano rock, rock",46708.0,Madison Square Garden,New York City,New York,United States
Peach Tree Tour,2005-09-24,Elton John,,,46708.0,46708.0,4123815.0,"glam rock, mellow gold, piano rock, rock",46708.0,Madison Square Garden,New York City,New York,United States
Peach Tree Tour,2005-09-30,Elton John,,,,,,"glam rock, mellow gold, piano rock, rock",,Gaylord Entertainment Center,Nashville,Tennessee,United States
Peach Tree Tour,2005-10-01,Elton John,,,15605.0,15605.0,1335525.0,"glam rock, mellow gold, piano rock, rock",15605.0,Philips Arena,Atlanta,Georgia,United States
Peach Tree Tour,2005-11-04,Elton John,,,13314.0,13314.0,844833.0,"glam rock, mellow gold, piano rock, rock",13314.0,FedExForum,Memphis,Tennessee,United States
Peach Tree Tour,2005-11-05,Elton John,,,12398.0,17000.0,734565.0,"glam rock, mellow gold, piano rock, rock",17000.0,U.S. Bank Arena,Cincinnati,Ohio,United States
Peach Tree Tour,2005-11-08,Elton John,,,11214.0,11214.0,679810.0,"glam rock, mellow gold, piano rock, rock",11214.0,Richmond Coliseum,Richmond,London,United States
Peach Tree Tour,2005-11-09,Elton John,,,11755.0,11755.0,497756.0,"glam rock, mellow gold, piano rock, rock",11755.0,LJVM Coliseum,Winston-Salem,North Carolina,United States
Peach Tree Tour,2005-11-12,Elton John,,,14600.0,14600.0,774295.0,"glam rock, mellow gold, piano rock, rock",14600.0,Bobcats Arena,Charlotte,North Carolina,United States
Peach Tree Tour,2005-11-16,Elton John,,,12404.0,12404.0,522466.0,"glam rock, mellow gold, piano rock, rock",12404.0,Colonial Center,Columbia,Maryland,United States
Peach Tree Tour,2005-11-18,Elton John,,,16567.0,16567.0,969065.0,"glam rock, mellow gold, piano rock, rock",16567.0,Nationwide Arena,Columbus,Ohio,United States
Peach Tree Tour,2005-11-19,Elton John,,,,,,"glam rock, mellow gold, piano rock, rock",,Conseco Fieldhouse,Indianapolis,Indiana,United States
Peach Tree Tour,2005-11-29,Elton John,,,,,,"glam rock, mellow gold, piano rock, rock",,Hartwall Areena,Helsinki,Uusimaa,Finland
Peach Tree Tour,2005-11-30,Elton John,,,,,,"glam rock, mellow gold, piano rock, rock",,Elysée Arena,Turku,Southwest Finland,Finland
Peach Tree Tour,2005-12-02,Elton John,,,,,,"glam rock, mellow gold, piano rock, rock",,Globen Arena,Stockholm,Stockholm County,Sweden
Peach Tree Tour,2005-12-03,Elton John,,,,,,"glam rock, mellow gold, piano rock, rock",,Scandinavium,Gothenburg,Västra Götaland County,Sweden
Peach Tree Tour,2005-12-05,Elton John,,,,,,"glam rock, mellow gold, piano rock, rock",,Color Line Arena,Hamburg,Hamburg,Germany
Peach Tree Tour,2005-12-08,Elton John,,,,,,"glam rock, mellow gold, piano rock, rock",,Schleyerhalle,Stuttgart,Baden-Württemberg,Germany
Peach Tree Tour,2005-12-12,Elton John,,,,,,"glam rock, mellow gold, piano rock, rock",,Sportpaleis,Antwerp,Flanders,Belgium
Peach Tree Tour,2005-12-14,Elton John,,,,,,"glam rock, mellow gold, piano rock, rock",,Hallenstadion,Zürich,Zürich,Switzerland
